{
  "stepId": 10,
  "title": "Attach the hooks to the table top",
  "description": "Attach the support hooks to the underside of the table top using screws and tighten them with an Allen key.",
  "parts": [
    {
      "id": "bracket_01",
      "name": "Support hook",
      "type": "bracket",
      "quantity": 2,
      "dimensions": {
        "width": 0.05,
        "depth": 0.03
      },
      "material": "metal",
      "color": "#C0C0C0",
      "position": {
        "x": 0.04500000000000004,
        "y": 0.09999999999999999,
        "z": -0.44999999999999996
      },
      "rotation": {
        "x": 0,
        "y": 0,
        "z": 0
      },
      "scale": {
        "x": 1,
        "y": 1,
        "z": 1
      },
      "geometry": {
        "type": "box",
        "args": [
          0.05,
          0.05,
          0.03
        ]
      }
    },
    {
      "id": "screw_02",
      "name": "Screw",
      "type": "screw",
      "quantity": 2,
      "dimensions": {
        "length": 0.04,
        "radius": 0.004
      },
      "material": "metal",
      "color": "#777777",
      "position": {
        "x": 0.24500000000000005,
        "y": 0.09999999999999999,
        "z": -0.44999999999999996
      },
      "rotation": {
        "x": 0,
        "y": 0,
        "z": 0
      },
      "scale": {
        "x": 1,
        "y": 1,
        "z": 1
      },
      "geometry": {
        "type": "cylinder",
        "args": [
          0.004,
          0.004,
          0.04,
          16
        ]
      }
    }
  ],
  "assemblySequence": [
    {
      "action": "move",
      "targetId": "screw_02",
      "from": {
        "x": 0.3450000000000001,
        "y": 0.1,
        "z": -0.44999999999999996
      },
      "to": {
        "x": 0.24500000000000005,
        "y": 0.09999999999999999,
        "z": -0.44999999999999996
      },
      "duration": 3
    }
  ],
  "camera": {
    "position": {
      "x": 0.6575000000000001,
      "y": 0.435,
      "z": 0.5698205080756888
    },
    "lookAt": {
      "x": 0.15500000000000003,
      "y": 0.09999999999999999,
      "z": -0.10017949192431122
    }
  },
  "lighting": {
    "ambient": {
      "intensity": 0.5
    },
    "directional": {
      "intensity": 0.8,
      "position": {
        "x": 1,
        "y": 2,
        "z": 3
      }
    }
  }
}